{
  "tests/test_feeds.py": 1775464663.682769,
  "tests/test_kv_loader.py": 1775464663.682769,
  "tests/test_kv_syntax.py": 1775464663.683769,
  "tests/__init__.py": 1775464663.682769,
  "tests/screens/__init__.py": 1775464663.682769,
  "tests/screens/test_update_screen.py": 1775464663.682769,
  "tests/plot/test_at_position.py": 1775464663.682769,
  "tests/plot/__init__.py": 1775464663.682769,
  "tests/dispatchers/test_line_pattern.py": 1775464663.682769,
  "tests/dispatchers/test_circle_pattern.py": 1775464663.682769,
  "tests/dispatchers/test_input_dispatcher.py": 1775464663.682769,
  "tests/dispatchers/test_axis_transform.py": 1775464663.682769,
  "tests/dispatchers/test_servo_dispatcher.py": 1775483434.0910912,
  "tests/dispatchers/test_axis_dispatcher.py": 1775464663.682769,
  "tests/dispatchers/test_saving_dispatcher.py": 1775464663.682769,
  "tests/dispatchers/conftest.py": 1775464663.682769,
  "tests/dispatchers/test_board.py": 1775464663.682769,
  "tests/dispatchers/test_rect_pattern.py": 1775464663.682769,
  "tests/dispatchers/__init__.py": 1775464663.682769,
  "tests/utils/test_base_device.py": 1775483434.0910912,
  "tests/utils/test_platform.py": 1775464663.683769,
  "tests/utils/test_ctype_calc.py": 1775464663.683769,
  "tests/utils/__init__.py": 1775464663.683769,
  "rcp/feeds.py": 1775464663.6427684,
  "rcp/app.py": 1775483419.3411653,
  "rcp/main.py": 1775464663.681769,
  "rcp/__init__.py": 1775464663.6367683,
  "rcp/components/manager.py": 1775464663.6377683,
  "rcp/components/appsettings.py": 1775464663.6367683,
  "rcp/components/__init__.py": 1775464663.6367683,
  "rcp/components/setup/logs_panel.py": 1775464663.6407683,
  "rcp/components/setup/profiling_panel.py": 1775464663.6407683,
  "rcp/components/setup/__init__.py": 1775464663.6407683,
  "rcp/components/screens/update_screen.py": 1775464663.6407683,
  "rcp/components/screens/inputs_setup_screen.py": 1775464663.6397684,
  "rcp/components/screens/els_setup_screen.py": 1775464663.6387682,
  "rcp/components/screens/home_screen.py": 1775483434.0900912,
  "rcp/components/screens/axes_setup_screen.py": 1775464663.6387682,
  "rcp/components/screens/input_screen.py": 1775464663.6397684,
  "rcp/components/screens/setup_screen.py": 1775464663.6397684,
  "rcp/components/screens/system_screen.py": 1775464663.6397684,
  "rcp/components/screens/font_picker_screen.py": 1775464663.6387682,
  "rcp/components/screens/color_picker_screen.py": 1775464663.6387682,
  "rcp/components/screens/profiling_screen.py": 1775464663.6397684,
  "rcp/components/screens/network_screen.py": 1775464663.6397684,
  "rcp/components/screens/logs_screen.py": 1775464663.6397684,
  "rcp/components/screens/formats_screen.py": 1775464663.6387682,
  "rcp/components/screens/log_viewer_screen.py": 1775464663.6397684,
  "rcp/components/screens/axis_screen.py": 1775464663.6387682,
  "rcp/components/screens/servo_screen.py": 1775464663.6397684,
  "rcp/components/screens/__init__.py": 1775464663.6387682,
  "rcp/components/plot/rect_popup.py": 1775464663.6387682,
  "rcp/components/plot/float_view.py": 1775464663.6377683,
  "rcp/components/plot/plot_toolbar.py": 1775464663.6377683,
  "rcp/components/plot/plot_screen.py": 1775464663.6377683,
  "rcp/components/plot/coords_overlay.py": 1775464663.6377683,
  "rcp/components/plot/line_popup.py": 1775464663.6377683,
  "rcp/components/plot/circle_popup.py": 1775464663.6377683,
  "rcp/components/plot/scene.py": 1775464663.6387682,
  "rcp/components/plot/__init__.py": 1775464663.6377683,
  "rcp/components/toolbars/led_button.py": 1775483419.3471653,
  "rcp/components/toolbars/two_state_button.py": 1775483419.3471653,
  "rcp/components/toolbars/toolbar_button.py": 1775483419.3471653,
  "rcp/components/toolbars/__init__.py": 1775464663.6407683,
  "rcp/components/home/dro_mode_layout.py": 1775483419.3421652,
  "rcp/components/home/dro_coordbar.py": 1775464663.6367683,
  "rcp/components/home/jog_mode_layout.py": 1775483419.3431654,
  "rcp/components/home/home_toolbar.py": 1775464663.6367683,
  "rcp/components/home/mode_layout.py": 1775464663.6377683,
  "rcp/components/home/elsbar.py": 1775483419.3431654,
  "rcp/components/home/els_advbar.py": 1775567964.8169653,
  "rcp/components/home/coordbar.py": 1775464663.6367683,
  "rcp/components/home/statusbar.py": 1775464663.6377683,
  "rcp/components/home/jogbar.py": 1775483434.0900912,
  "rcp/components/home/servobar.py": 1775464663.6377683,
  "rcp/components/home/els_mode_layout.py": 1775567435.9817104,
  "rcp/components/home/index_mode_layout.py": 1775483419.3431654,
  "rcp/components/home/__init__.py": 1775464663.6367683,
  "rcp/components/popups/mode_popup.py": 1775483419.3441653,
  "rcp/components/popups/help_popup.py": 1775464663.6387682,
  "rcp/components/popups/feeds_table_popup.py": 1775483419.3441653,
  "rcp/components/popups/ssid_popup.py": 1775464663.6387682,
  "rcp/components/popups/keypad.py": 1775483419.3441653,
  "rcp/components/popups/__init__.py": 1775464663.6387682,
  "rcp/components/widgets/boolean_item.py": 1775464663.6407683,
  "rcp/components/widgets/dropdown_item.py": 1775464663.6407683,
  "rcp/components/widgets/title_item.py": 1775464663.6417685,
  "rcp/components/widgets/beep_mixin.py": 1775483419.3471653,
  "rcp/components/widgets/button_item.py": 1775464663.6407683,
  "rcp/components/widgets/auto_size_button.py": 1775483419.3471653,
  "rcp/components/widgets/font_item.py": 1775464663.6407683,
  "rcp/components/widgets/string_item.py": 1775464663.6417685,
  "rcp/components/widgets/screen_header.py": 1775464663.6417685,
  "rcp/components/widgets/keypad_button.py": 1775483419.3481653,
  "rcp/components/widgets/dual_number_item.py": 1775464663.6407683,
  "rcp/components/widgets/number_item.py": 1775464663.6417685,
  "rcp/components/widgets/keypad_icon_button.py": 1775483419.3481653,
  "rcp/components/widgets/color_item.py": 1775464663.6407683,
  "rcp/components/widgets/__init__.py": 1775464663.6407683,
  "rcp/dispatchers/line_pattern.py": 1775464663.6417685,
  "rcp/dispatchers/axis_transform.py": 1775464663.6417685,
  "rcp/dispatchers/axis.py": 1775464663.6417685,
  "rcp/dispatchers/circle_pattern.py": 1775464663.6417685,
  "rcp/dispatchers/rect_pattern.py": 1775464663.6417685,
  "rcp/dispatchers/servo.py": 1775483434.0900912,
  "rcp/dispatchers/input.py": 1775464663.6417685,
  "rcp/dispatchers/formats.py": 1775483419.3491652,
  "rcp/dispatchers/saving_dispatcher.py": 1775464663.6417685,
  "rcp/dispatchers/board.py": 1775464663.6417685,
  "rcp/dispatchers/__init__.py": 1775464663.6417685,
  "rcp/dispatchers/els.py": 1775483419.3491652,
  "rcp/utils/devices.py": 1775483434.0900912,
  "rcp/utils/platform.py": 1775464663.682769,
  "rcp/utils/communication.py": 1775464663.682769,
  "rcp/utils/base_device.py": 1775464663.682769,
  "rcp/utils/kv_loader.py": 1775464663.682769,
  "rcp/utils/ctype_calc.py": 1775464663.682769,
  "rcp/utils/__init__.py": 1775464663.682769,
  "README.md": 1775464663.6357682,
  "CLAUDE.md": 1775483434.0890913,
  "todo.md": 1775464663.683769,
  "CHANGELOG.md": 1775464663.6357682,
  "rcp/help/software_update.md": 1775464663.680769,
  "rcp/help/servo_gearing.md": 1775464663.680769,
  "rcp/help/font_size.md": 1775464663.680769,
  "rcp/help/angle_degrees.md": 1775464663.680769,
  "rcp/help/servo_max_speed.md": 1775464663.680769,
  "rcp/help/spindle_mode.md": 1775464663.680769,
  "rcp/help/axis_name.md": 1775464663.680769,
  "rcp/help/enable_wifi.md": 1775464663.680769,
  "rcp/help/position_tolerance.md": 1775464663.680769,
  "rcp/help/transform_type.md": 1775464663.681769,
  "rcp/help/els_mode.md": 1775464663.680769,
  "rcp/help/els_axis_roles.md": 1775464663.680769,
  "rcp/help/error_reporting.md": 1775464663.680769,
  "rcp/help/network_connection.md": 1775464663.680769,
  "rcp/help/units_per_turn.md": 1775464663.681769,
  "rcp/help/lead_screw_pitch.md": 1775464663.680769,
  "rcp/help/scale_input.md": 1775464663.680769,
  "rcp/help/format_digits.md": 1775464663.680769,